{"cameraMode":{"drawMode":0,"name":"Shaded","section":"Shading Mode"},"sceneLighting":false,"audioPlay":false,"sceneViewState":{"showFog":false,"showMaterialUpdate":false,"showSkybox":false,"showFlares":false,"showImageEffects":false,"showParticleSystems":false},"in2DMode":false,"pivot":{"x":105.68174743652344,"y":42.90988540649414,"z":-3.7451744079589845},"rotation":{"x":0.16571715474128724,"y":0.8071048259735107,"z":-0.26782551407814028,"w":0.4994189143180847},"size":151.1039276123047,"orthographic":false}