{"cameraMode":{"drawMode":0,"name":"Shaded","section":"Shading Mode"},"sceneLighting":false,"audioPlay":false,"sceneViewState":{"showFog":false,"showMaterialUpdate":false,"showSkybox":false,"showFlares":false,"showImageEffects":false,"showParticleSystems":false},"in2DMode":false,"pivot":{"x":-49.258934020996097,"y":7.410512924194336,"z":15.929522514343262},"rotation":{"x":0.27393245697021487,"y":-0.3841262459754944,"z":0.12045442312955857,"w":0.8734599947929382},"size":24.41078758239746,"orthographic":false}