{"cameraMode":{"drawMode":0,"name":"Shaded","section":"Shading Mode"},"sceneLighting":true,"audioPlay":false,"sceneViewState":{"showFog":true,"showMaterialUpdate":false,"showSkybox":true,"showFlares":true,"showImageEffects":true,"showParticleSystems":true},"in2DMode":false,"pivot":{"x":11.136728286743164,"y":-0.6313105821609497,"z":16.03391456604004},"rotation":{"x":-0.043239276856184009,"y":-0.29806220531463625,"z":0.013490617275238037,"w":-0.9535484313964844},"size":10.427803993225098,"orthographic":false}