{"cameraMode":{"drawMode":0,"name":"Shaded","section":"Shading Mode"},"sceneLighting":false,"audioPlay":false,"sceneViewState":{"showFog":false,"showMaterialUpdate":false,"showSkybox":false,"showFlares":false,"showImageEffects":false,"showParticleSystems":false},"in2DMode":false,"pivot":{"x":10.616653442382813,"y":19.72612190246582,"z":-10.326087951660157},"rotation":{"x":0.16571715474128724,"y":0.8071048259735107,"z":-0.26782551407814028,"w":0.4994189143180847},"size":13.316142082214356,"orthographic":false}