{"cameraMode":{"drawMode":0,"name":"Shaded","section":"Shading Mode"},"sceneLighting":false,"audioPlay":false,"sceneViewState":{"showFog":true,"showMaterialUpdate":false,"showSkybox":false,"showFlares":true,"showImageEffects":true,"showParticleSystems":true},"in2DMode":false,"pivot":{"x":-0.2910706400871277,"y":1.7237117290496827,"z":7.796415328979492},"rotation":{"x":-0.0033127234783023597,"y":0.012124000117182732,"z":0.0004004830261692405,"w":-1.0000594854354859},"size":3.9073946475982668,"orthographic":false}