{"cameraMode":{"drawMode":0,"name":"Shaded","section":"Shading Mode"},"sceneLighting":true,"audioPlay":false,"sceneViewState":{"showFog":true,"showMaterialUpdate":false,"showSkybox":true,"showFlares":true,"showImageEffects":true,"showParticleSystems":true},"in2DMode":false,"pivot":{"x":-0.9673460721969605,"y":-16.518224716186525,"z":22.668699264526368},"rotation":{"x":-0.32000380754470827,"y":0.022175300866365434,"z":-0.007506439462304115,"w":-0.9471725821495056},"size":14.806955337524414,"orthographic":false}