{"cameraMode":{"drawMode":0,"name":"Shaded","section":"Shading Mode"},"sceneLighting":false,"audioPlay":false,"sceneViewState":{"showFog":false,"showMaterialUpdate":false,"showSkybox":false,"showFlares":false,"showImageEffects":false,"showParticleSystems":false},"in2DMode":false,"pivot":{"x":2.4863109588623049,"y":13.329753875732422,"z":-7.938030242919922},"rotation":{"x":0.05395714193582535,"y":0.8851845860481262,"z":-0.10619436204433441,"w":0.44976675510406496},"size":18.446340560913087,"orthographic":false}