{"cameraMode":{"drawMode":0,"name":"Shaded","section":"Shading Mode"},"sceneLighting":false,"audioPlay":false,"sceneViewState":{"showFog":false,"showMaterialUpdate":false,"showSkybox":false,"showFlares":false,"showImageEffects":false,"showParticleSystems":false},"in2DMode":false,"pivot":{"x":-8.18897533416748,"y":5.126135349273682,"z":-9.728498458862305},"rotation":{"x":0.01939220353960991,"y":0.9803249835968018,"z":-0.15056706964969636,"w":0.12628228962421418},"size":8.608292579650879,"orthographic":false}