{"cameraMode":{"drawMode":0,"name":"Shaded","section":"Shading Mode"},"sceneLighting":false,"audioPlay":false,"sceneViewState":{"showFog":false,"showMaterialUpdate":false,"showSkybox":false,"showFlares":false,"showImageEffects":false,"showParticleSystems":false},"in2DMode":false,"pivot":{"x":-5.934658050537109,"y":71.76829528808594,"z":-41.35697937011719},"rotation":{"x":0.16571715474128724,"y":0.8071048259735107,"z":-0.26782551407814028,"w":0.4994189143180847},"size":0.6000170707702637,"orthographic":false}