{"cameraMode":{"drawMode":0,"name":"Shaded","section":"Shading Mode"},"sceneLighting":true,"audioPlay":false,"sceneViewState":{"showFog":true,"showMaterialUpdate":true,"showSkybox":true,"showFlares":true,"showImageEffects":true,"showParticleSystems":true},"in2DMode":false,"pivot":{"x":2.046329975128174,"y":-4.805401802062988,"z":11.264296531677246},"rotation":{"x":-0.46975141763687136,"y":-0.03019728697836399,"z":0.016054827719926835,"w":-0.8821629285812378},"size":13.15231990814209,"orthographic":false}