{"cameraMode":{"drawMode":0,"name":"Shaded","section":"Shading Mode"},"sceneLighting":true,"audioPlay":false,"sceneViewState":{"showFog":false,"showMaterialUpdate":false,"showSkybox":false,"showFlares":false,"showImageEffects":false,"showParticleSystems":false},"in2DMode":false,"pivot":{"x":13.41023063659668,"y":-7.208174228668213,"z":7.568901538848877},"rotation":{"x":0.18990454077720643,"y":0.5689787864685059,"z":-0.1370709389448166,"w":0.78831547498703},"size":17.790681838989259,"orthographic":false}