{"cameraMode":{"drawMode":0,"name":"Shaded","section":"Shading Mode"},"sceneLighting":false,"audioPlay":false,"sceneViewState":{"showFog":true,"showMaterialUpdate":false,"showSkybox":false,"showFlares":true,"showImageEffects":true,"showParticleSystems":true},"in2DMode":false,"pivot":{"x":-0.041985880583524707,"y":1.5567257404327393,"z":-6.172924518585205},"rotation":{"x":-0.000688336614985019,"y":0.9996174573898315,"z":-0.03180236369371414,"w":-0.0061586592346429829},"size":3.8645880222320558,"orthographic":false}