{"cameraMode":{"drawMode":0,"name":"Shaded","section":"Shading Mode"},"sceneLighting":true,"audioPlay":false,"sceneViewState":{"showFog":true,"showMaterialUpdate":true,"showSkybox":true,"showFlares":true,"showImageEffects":true,"showParticleSystems":true},"in2DMode":false,"pivot":{"x":1.3858712911605836,"y":-17.333097457885743,"z":14.634764671325684},"rotation":{"x":-0.4403160512447357,"y":-0.056466244161129,"z":0.027775229886174203,"w":-0.8956946134567261},"size":13.269570350646973,"orthographic":false}