{"cameraMode":{"drawMode":0,"name":"Shaded","section":"Shading Mode"},"sceneLighting":false,"audioPlay":false,"sceneViewState":{"showFog":true,"showMaterialUpdate":false,"showSkybox":false,"showFlares":true,"showImageEffects":true,"showParticleSystems":true},"in2DMode":false,"pivot":{"x":-0.03754854202270508,"y":-0.1536657214164734,"z":0.12025952339172363},"rotation":{"x":0.06167256087064743,"y":-0.8895583748817444,"z":0.12499012053012848,"w":0.43542930483818056},"size":0.8660256862640381,"orthographic":false}