{"cameraMode":{"drawMode":0,"name":"Shaded","section":"Shading Mode"},"sceneLighting":true,"audioPlay":false,"sceneViewState":{"showFog":true,"showMaterialUpdate":false,"showSkybox":true,"showFlares":true,"showImageEffects":true,"showParticleSystems":true},"in2DMode":false,"pivot":{"x":31.83972930908203,"y":-36.085697174072269,"z":-0.022646479308605195},"rotation":{"x":0.24711182713508607,"y":0.72410649061203,"z":-0.3195774257183075,"w":0.5591942071914673},"size":31.185720443725587,"orthographic":false}