{"cameraMode":{"drawMode":0,"name":"Shaded","section":"Shading Mode"},"sceneLighting":true,"audioPlay":false,"sceneViewState":{"showFog":false,"showMaterialUpdate":false,"showSkybox":false,"showFlares":false,"showImageEffects":false,"showParticleSystems":false},"in2DMode":false,"pivot":{"x":5.4106268882751469,"y":-3.8718676567077638,"z":-0.34034591913223269},"rotation":{"x":-0.24536924064159394,"y":-0.7448020577430725,"z":0.36341169476509097,"w":-0.5030674934387207},"size":6.984261989593506,"orthographic":false}