{"cameraMode":{"drawMode":0,"name":"Shaded","section":"Shading Mode"},"sceneLighting":true,"audioPlay":false,"sceneViewState":{"showFog":true,"showMaterialUpdate":true,"showSkybox":true,"showFlares":true,"showImageEffects":true,"showParticleSystems":true},"in2DMode":false,"pivot":{"x":1.0001680850982667,"y":3.6324362754821779,"z":15.080060005187989},"rotation":{"x":0.040793340653181079,"y":-0.011060567572712899,"z":0.000468359183287248,"w":0.9991152882575989},"size":10.0,"orthographic":false}