{"cameraMode":{"drawMode":0,"name":"Shaded","section":"Shading Mode"},"sceneLighting":false,"audioPlay":false,"sceneViewState":{"showFog":true,"showMaterialUpdate":false,"showSkybox":false,"showFlares":true,"showImageEffects":true,"showParticleSystems":true},"in2DMode":false,"pivot":{"x":2.5952088832855226,"y":0.9436264038085938,"z":9.10776424407959},"rotation":{"x":0.37104883790016177,"y":0.3547070324420929,"z":-0.15629084408283235,"w":0.8440413475036621},"size":7.593573093414307,"orthographic":false}